{
  "functions": {
    "supabase/functions/server/index.tsx": {
      "runtime": "edge"
    }
  },
  "rewrites": [
    {
      "source": "/api/make-server-34a574a2/(.*)",
      "destination": "/supabase/functions/server/index.tsx"
    }
  ],
  "headers": [
    {
      "source": "/(.*)",
      "headers": [
        {
          "key": "X-Frame-Options",
          "value": "DENY"
        },
        {
          "key": "X-Content-Type-Options",
          "value": "nosniff"
        },
        {
          "key": "Referrer-Policy",
          "value": "strict-origin-when-cross-origin"
        }
      ]
    }
  ],
  "env": {
    "SUPABASE_URL": "@supabase-url",
    "SUPABASE_ANON_KEY": "@supabase-anon-key",
    "SUPABASE_SERVICE_ROLE_KEY": "@supabase-service-role-key",
    "SUPABASE_DB_URL": "@supabase-db-url"
  },
  "build": {
    "env": {
      "NEXT_TELEMETRY_DISABLED": "1"
    }
  },
  "framework": "nextjs"
}